{"cameraMode":{"drawMode":0,"name":"Shaded","section":"Shading Mode"},"sceneLighting":false,"audioPlay":false,"sceneViewState":{"m_AlwaysRefresh":false,"showFog":true,"showSkybox":false,"showFlares":true,"showImageEffects":true,"showParticleSystems":true,"showVisualEffectGraphs":true,"m_FxEnabled":true},"in2DMode":false,"pivot":{"x":0.8442291617393494,"y":1.4137539863586426,"z":0.220286563038826},"rotation":{"x":0.011896119453012944,"y":-0.9774078130722046,"z":0.05724364519119263,"w":0.20311956107616425},"size":0.5562763214111328,"orthographic":true}