{"cameraMode":{"drawMode":0,"name":"Shaded","section":"Shading Mode"},"sceneLighting":true,"audioPlay":false,"sceneViewState":{"m_AlwaysRefresh":false,"showFog":true,"showSkybox":true,"showFlares":true,"showImageEffects":true,"showParticleSystems":true,"showVisualEffectGraphs":true,"m_FxEnabled":true},"in2DMode":false,"pivot":{"x":0.6183742880821228,"y":0.9021374583244324,"z":-1.7696928977966309},"rotation":{"x":0.04237936809659004,"y":0.9498805403709412,"z":-0.14793558418750764,"w":0.272114098072052},"size":2.2089145183563234,"orthographic":false}