{"cameraMode":{"drawMode":0,"name":"Shaded","section":"Shading Mode"},"sceneLighting":false,"audioPlay":false,"sceneViewState":{"m_AlwaysRefresh":false,"showFog":true,"showSkybox":false,"showFlares":true,"showImageEffects":true,"showParticleSystems":true,"showVisualEffectGraphs":true,"m_FxEnabled":true},"in2DMode":false,"pivot":{"x":-2.1600000858306886,"y":-6.789999961853027,"z":0.6600000262260437},"rotation":{"x":-0.0791698470711708,"y":0.8579939007759094,"z":-0.13917548954486848,"w":-0.48806867003440859},"size":0.020587127655744554,"orthographic":false}